{"0": {"T1": "2C", "T2": "6H", "T3": "8D", "T4": "JC", "T5": "JS", "CK": 1, "CR": 1, "CB": 1, "CG": 1, "CW": 1, "P11": "2H", "P12": "4S", "P21": "KS", "P22": "QS", "P31": "KD", "P32": "5S", "P41": "7H", "P42": "8S"}, "1": {"T1": "9H", "T2": "8C", "T3": "2H", "T4": "4C", "T5": "JS", "CK": 0, "CR": 2, "CB": 1, "CG": 0, "CW": 1, "P11": "0", "P12": "0", "P21": "3C", "P22": "KH", "P31": "AS", "P32": "2D", "P41": "QS", "P42": "3S"}, "2": {"T1": "9D", "T2": "3D", "T3": "4C", "T4": "6D", "T5": "2H", "CK": 1, "CR": 0, "CB": 8, "CG": 0, "CW": 0, "P11": "7H", "P12": "QD", "P21": "10S", "P22": "10C", "P31": "5C", "P32": "4S", "P41": "2S", "P42": "QS"}, "3": {"T1": "6D", "T2": "KH", "T3": "7H", "T4": "KC", "T5": "6H", "CK": 0, "CR": 0, "CB": 4, "CG": 2, "CW": 0, "P11": "QC", "P12": "QS", "P21": "3C", "P22": "3D", "P31": "4H", "P32": "5D", "P41": "2S", "P42": "7C"}, "4": {"T1": "KC", "T2": "3C", "T3": "9C", "T4": "QC", "T5": "10C", "CK": 0, "CR": 3, "CB": 1, "CG": 1, "CW": 1, "P11": "AH", "P12": "AD", "P21": "7H", "P22": "AD", "P31": "3C", "P32": "8C", "P41": "5C", "P42": "QS"}, "5": {"T1": "8D", "T2": "6D", "T3": "4C", "T4": "7D", "T5": "AC", "CK": 1, "CR": 2, "CB": 2, "CG": 1, "CW": 0, "P11": "AS", "P12": "KS", "P21": "AD", "P22": "6C", "P31": "0", "P32": "0", "P41": "7H", "P42": "7C"}, "6": {"T1": "QC", "T2": "5C", "T3": "AS", "T4": "AD", "T5": "AC", "CK": 0, "CR": 1, "CB": 0, "CG": 0, "CW": 0, "P11": "0", "P12": "0", "P21": "AH", "P22": "AD", "P31": "AD", "P32": "2C", "P41": "AS", "P42": "JS"}, "7": {"T1": "7S", "T2": "AD", "T3": "6S", "T4": "KH", "T5": "9D", "CK": 2, "CR": 1, "CB": 1, "CG": 0, "CW": 0, "P11": "AH", "P12": "AH", "P21": "0", "P22": "0", "P31": "0", "P32": "0", "P41": "4H", "P42": "5D"}, "8": {"T1": "AH", "T2": "4C", "T3": "QC", "T4": "7S", "T5": "JS", "CK": 0, "CR": 0, "CB": 0, "CG": 0, "CW": 0, "P11": "QD", "P12": "4D", "P21": "8C", "P22": "10C", "P31": "9S", "P32": "3C", "P41": "5D", "P42": "KC"}, "9": {"T1": "8H", "T2": "6D", "T3": "4C", "T4": "7D", "T5": "AC", "CK": 1, "CR": 2, "CB": 2, "CG": 1, "CW": 0, "P11": "AS", "P12": "KS", "P21": "9D", "P22": "6S", "P31": "0", "P32": "0", "P41": "7H", "P42": "7C"}, "10": {"T1": "5D", "T2": "KS", "T3": "2H", "T4": "6C", "T5": "2C", "CK": 0, "CR": 1, "CB": 3, "CG": 1, "CW": 2, "P11": "3C", "P12": "AS", "P21": "8S", "P22": "JH", "P31": "9C", "P32": "2S", "P41": "6S", "P42": "5S"}, "11": {"T1": "9C", "T2": "4C", "T3": "QC", "T4": "7S", "T5": "JS", "CK": 2, "CR": 0, "CB": 0, "CG": 0, "CW": 0, "P11": "0", "P12": "0", "P21": "0", "P22": "0", "P31": "0", "P32": "0", "P41": "0", "P42": "0"}, "12": {"T1": "8H", "T2": "6H", "T3": "3H", "T4": "7H", "T5": "7C", "CK": 0, "CR": 3, "CB": 5, "CG": 1, "CW": 3, "P11": "AC", "P12": "6D", "P21": "7S", "P22": "5C", "P31": "2D", "P32": "3D", "P41": "KS", "P42": "7D"}, "13": {"T1": "2S", "T2": "QH", "T3": "7C", "T4": "JH", "T5": "AD", "CK": 0, "CR": 0, "CB": 1, "CG": 1, "CW": 3, "P11": "AH", "P12": "AH", "P21": "QD", "P22": "2S", "P31": "3H", "P32": "7H", "P41": "AS", "P42": "5H"}, "14": {"T1": "4S", "T2": "AD", "T3": "9D", "T4": "4C", "T5": "10D", "CK": 3, "CR": 0, "CB": 5, "CG": 0, "CW": 1, "P11": "0", "P12": "0", "P21": "AH", "P22": "7C", "P31": "KC", "P32": "2D", "P41": "AH", "P42": "AH"}, "15": {"T1": "AC", "T2": "KD", "T3": "8D", "T4": "9D", "T5": "4D", "CK": 4, "CR": 3, "CB": 0, "CG": 0, "CW": 0, "P11": "0", "P12": "0", "P21": "0", "P22": "0", "P31": "0", "P32": "0", "P41": "0", "P42": "0"}, "16": {"T1": "8S", "T2": "KD", "T3": "5D", "T4": "AD", "T5": "KD", "CK": 0, "CR": 0, "CB": 4, "CG": 0, "CW": 2, "P11": "2H", "P12": "5S", "P21": "JD", "P22": "QD", "P31": "8H", "P32": "QD", "P41": "AC", "P42": "5C"}, "17": {"T1": "8C", "T2": "AH", "T3": "JH", "T4": "10D", "T5": "5H", "CK": 1, "CR": 1, "CB": 3, "CG": 0, "CW": 1, "P11": "0", "P12": "0", "P21": "7S", "P22": "QH", "P31": "9S", "P32": "2D", "P41": "8D", "P42": "3H"}, "18": {"T1": "9S", "T2": "5C", "T3": "10S", "T4": "10H", "T5": "AD", "CK": 0, "CR": 0, "CB": 3, "CG": 3, "CW": 2, "P11": "JS", "P12": "7H", "P21": "KD", "P22": "AS", "P31": "4S", "P32": "8S", "P41": "AH", "P42": "AH"}, "19": {"T1": "JD", "T2": "5H", "T3": "9S", "T4": "3H", "T5": "8D", "CK": 0, "CR": 5, "CB": 0, "CG": 4, "CW": 2, "P11": "0", "P12": "0", "P21": "4D", "P22": "KH", "P31": "AH", "P32": "AH", "P41": "0", "P42": "0"}, "20": {"T1": "5H", "T2": "JH", "T3": "AS", "T4": "QH", "T5": "7C", "CK": 4, "CR": 0, "CB": 0, "CG": 0, "CW": 0, "P11": "0", "P12": "0", "P21": "QD", "P22": "10D", "P31": "4C", "P32": "9S", "P41": "2S", "P42": "3H"}, "21": {"T1": "7C", "T2": "8D", "T3": "6C", "T4": "JC", "T5": "6S", "CK": 0, "CR": 0, "CB": 0, "CG": 4, "CW": 3, "P11": "10H", "P12": "5S", "P21": "6D", "P22": "2S", "P31": "5D", "P32": "AC", "P41": "4H", "P42": "QH"}, "22": {"T1": "10S", "T2": "KD", "T3": "4H", "T4": "5H", "T5": "JD", "CK": 0, "CR": 4, "CB": 0, "CG": 2, "CW": 0, "P11": "4S", "P12": "10H", "P21": "0", "P22": "0", "P31": "4H", "P32": "QS", "P41": "9D", "P42": "6S"}, "23": {"T1": "JH", "T2": "6H", "T3": "8H", "T4": "4S", "T5": "AS", "CK": 3, "CR": 2, "CB": 0, "CG": 2, "CW": 3, "P11": "10C", "P12": "10D", "P21": "9S", "P22": "KS", "P31": "0", "P32": "0", "P41": "0", "P42": "0"}, "24": {"T1": "4D", "T2": "2C", "T3": "7S", "T4": "5C", "T5": "JD", "CK": 2, "CR": 2, "CB": 0, "CG": 1, "CW": 1, "P11": "QC", "P12": "QD", "P21": "3H", "P22": "3D", "P31": "AH", "P32": "7D", "P41": "0", "P42": "0"}, "25": {"T1": "7C", "T2": "9H", "T3": "4S", "T4": "JS", "T5": "3S", "CK": 2, "CR": 0, "CB": 0, "CG": 1, "CW": 1, "P11": "7D", "P12": "6D", "P21": "6S", "P22": "9D", "P31": "2C", "P32": "KS", "P41": "4H", "P42": "10H"}, "26": {"T1": "6S", "T2": "QH", "T3": "6H", "T4": "JH", "T5": "8H", "CK": 1, "CR": 1, "CB": 0, "CG": 1, "CW": 2, "P11": "2C", "P12": "JS", "P21": "0", "P22": "0", "P31": "JD", "P32": "QC", "P41": "4D", "P42": "7S"}, "27": {"T1": "10C", "T2": "9S", "T3": "7S", "T4": "4C", "T5": "AS", "CK": 2, "CR": 2, "CB": 2, "CG": 0, "CW": 2, "P11": "QD", "P12": "7D", "P21": "0", "P22": "0", "P31": "6C", "P32": "9C", "P41": "3S", "P42": "QD"}}